Model,Accuracy,AUC,Precision,Recall,F1 Score,MCC
Logistic Regression,0.8653,0.944563411359276,0.8711174580506962,0.8864668483197093,0.8787251282974701,0.7274239513080398
Decision Tree,0.8715,0.8695940286866323,0.8793599424667385,0.8884650317892825,0.8838890394867625,0.7400981354911256
KNN,0.8673,0.9320177530993667,0.8541878602916243,0.9151680290644868,0.8836271156713147,0.7320461788785777
Naive Bayes,0.7436,0.8279735582678908,0.7991861648016276,0.7135331516802906,0.7539347408829176,0.4915009906679615
Random Forest,0.9099,0.972543678059889,0.9152236652236653,0.9217075386012715,0.918454158747398,0.8178232511354322
XGBoost,0.9243,0.982572300032633,0.9234748483767392,0.9404178019981835,0.931869318693187,0.8469008267038479
